timestamp,ear,mar,p_drowsy,state
2025-10-29 20:39:58,0.173,0.039,1.00,drowsy
2025-10-29 20:40:11,0.225,0.443,0.91,drowsy
2025-10-29 20:40:15,0.163,0.298,1.00,drowsy
2025-10-29 20:40:16,0.230,0.024,0.79,drowsy
2025-10-29 20:40:33,0.205,0.235,0.96,drowsy
2025-10-29 20:40:44,0.134,0.241,1.00,drowsy
2025-10-29 20:40:46,0.211,0.220,0.95,drowsy
2025-10-29 20:40:49,0.188,0.149,0.99,drowsy
2025-10-29 20:43:33,0.171,0.000,1.00,drowsy
2025-10-29 20:43:34,0.194,0.005,0.98,drowsy
2025-10-29 20:43:38,0.168,0.000,1.00,drowsy
2025-10-30 12:42:55,0.119,0.007,1.00,drowsy
2025-10-30 12:45:07,0.184,0.009,0.99,drowsy
2025-10-30 12:47:14,0.186,0.487,1.00,drowsy
2025-10-30 12:47:18,0.179,0.438,1.00,drowsy
2025-10-30 18:46:04,0.180,0.056,0.99,drowsy_microsleep
2025-10-30 18:46:11,0.141,0.019,1.00,drowsy_microsleep
2025-10-30 18:46:16,0.082,0.760,1.00,drowsy_microsleep
2025-10-30 18:46:22,0.108,0.000,1.00,drowsy_microsleep
2025-10-30 18:46:25,0.190,0.024,0.99,drowsy_microsleep
2025-10-30 18:46:27,0.185,0.000,0.99,drowsy_microsleep
2025-10-30 18:46:37,0.213,0.024,0.94,drowsy_microsleep
2025-10-30 18:46:39,0.063,0.000,1.00,drowsy_microsleep
2025-10-30 18:46:54,0.110,0.628,1.00,drowsy_microsleep
2025-10-30 18:47:13,0.050,0.000,1.00,drowsy_microsleep
2025-10-30 18:47:17,0.064,0.000,1.00,drowsy_microsleep
2025-10-30 18:47:23,0.062,0.000,1.00,drowsy_microsleep
2025-10-30 18:47:27,0.095,0.000,1.00,drowsy_microsleep
2025-10-30 18:47:29,0.194,0.023,0.98,drowsy_microsleep
2025-10-30 18:47:31,0.160,0.046,1.00,drowsy_microsleep
2025-10-30 18:47:36,0.157,0.000,1.00,drowsy_microsleep
2025-10-30 18:47:40,0.177,0.011,0.99,drowsy_microsleep
2025-10-30 18:47:44,0.072,0.047,1.00,drowsy_microsleep
2025-10-30 18:47:47,0.154,0.000,1.00,drowsy_microsleep
2025-10-30 18:47:56,0.167,0.028,1.00,drowsy_microsleep
2025-10-30 18:48:27,0.144,0.030,1.00,drowsy_microsleep
2025-10-30 18:48:31,0.205,0.068,0.97,drowsy_microsleep
2025-10-30 18:48:34,0.151,0.232,1.00,drowsy_microsleep
2025-10-30 18:48:41,0.130,0.776,1.00,drowsy_microsleep
2025-10-30 18:48:58,0.108,0.000,1.00,drowsy_microsleep
2025-10-30 19:15:14,0.123,0.051,1.00,drowsy_microsleep
2025-10-30 19:15:45,0.127,0.000,1.00,drowsy_microsleep
2025-10-30 19:21:09,0.162,0.028,1.00,drowsy_microsleep
2025-10-30 20:48:50,0.185,0.189,0.99,drowsy_microsleep
2025-10-30 20:49:39,0.113,0.147,1.00,drowsy_microsleep
2025-10-30 20:49:48,0.164,0.020,1.00,drowsy_microsleep
2025-10-30 20:49:50,0.076,0.000,1.00,drowsy_microsleep
2025-10-30 20:50:19,0.158,0.056,1.00,drowsy_microsleep
2025-10-30 20:50:37,0.064,0.000,1.00,drowsy_microsleep
2025-10-30 20:50:39,0.143,0.000,1.00,drowsy_microsleep
2025-10-30 20:50:52,0.141,0.127,1.00,drowsy_microsleep
2025-10-30 20:50:56,0.084,0.017,1.00,drowsy_microsleep
2025-10-30 20:51:00,0.086,0.000,1.00,drowsy_microsleep
2025-10-31 09:22:40,0.190,0.019,0.99,drowsy_microsleep
2025-10-31 09:22:45,0.162,0.029,1.00,drowsy_microsleep
2025-10-31 09:22:48,0.212,0.044,0.95,drowsy_microsleep
2025-10-31 09:22:57,0.160,0.855,1.00,drowsy_microsleep
2025-10-31 09:23:00,0.133,0.936,1.00,drowsy_microsleep
2025-10-31 09:23:10,0.131,0.687,1.00,drowsy_microsleep
2025-10-31 09:23:15,0.191,0.813,1.00,drowsy_microsleep
2025-10-31 09:23:42,0.218,0.019,0.92,drowsy_microsleep
2025-10-31 09:23:46,0.075,0.019,1.00,drowsy_microsleep
2025-10-31 09:23:50,0.189,0.000,0.99,drowsy_microsleep
2025-10-31 09:25:26,0.098,0.018,1.00,drowsy_microsleep
2025-10-31 09:25:30,0.125,0.065,1.00,drowsy_microsleep
2025-10-31 09:25:39,0.154,0.722,1.00,drowsy_microsleep
2025-10-31 09:26:45,0.167,0.000,1.00,drowsy_microsleep
2025-10-31 09:28:04,0.194,0.000,0.98,drowsy_microsleep
2025-10-31 09:28:17,0.033,0.000,1.00,drowsy_microsleep
2025-10-31 09:28:52,0.137,0.025,1.00,drowsy_microsleep
2025-10-31 09:29:26,0.082,0.017,1.00,drowsy_microsleep
2025-10-31 09:29:29,0.205,0.102,0.97,drowsy_microsleep
2025-10-31 09:30:42,0.180,0.000,0.99,drowsy_microsleep
2025-10-31 09:31:05,0.140,0.772,1.00,drowsy_microsleep
2025-10-31 09:33:32,0.200,0.022,0.97,drowsy_microsleep
2025-10-31 09:33:52,0.165,0.000,1.00,drowsy_microsleep
2025-10-31 09:34:36,0.212,0.000,0.94,drowsy_microsleep
2025-10-31 09:34:57,0.212,0.020,0.95,drowsy_microsleep
2025-10-31 09:35:03,0.200,0.029,0.97,drowsy_microsleep
2025-10-31 09:35:25,0.216,0.020,0.93,drowsy_microsleep
2025-10-31 09:35:30,0.204,0.020,0.97,drowsy_microsleep
2025-10-31 09:35:58,0.203,0.000,0.97,drowsy_microsleep
2025-10-31 09:36:14,0.154,0.000,1.00,drowsy_microsleep
2025-10-31 09:36:32,0.113,0.000,1.00,drowsy_microsleep
2025-11-02 08:10:59,0.189,0.018,0.99,drowsy_microsleep
2025-11-02 08:11:03,0.136,0.017,1.00,drowsy_microsleep
2025-11-02 08:11:13,0.170,0.000,1.00,drowsy_microsleep
2025-11-02 08:11:20,0.121,0.027,1.00,drowsy_microsleep
2025-11-02 08:11:24,0.113,0.764,1.00,drowsy_microsleep
2025-11-05 09:01:54,0.166,0.000,1.00,drowsy_microsleep
2025-11-05 09:01:56,0.085,0.033,1.00,drowsy_microsleep
2025-11-11 10:59:28,0.150,0.000,1.00,drowsy_microsleep
2025-11-11 11:00:56,0.218,0.225,0.94,drowsy_microsleep
2025-11-11 11:29:51,0.155,0.217,1.00,drowsy_microsleep
2025-11-11 11:30:04,0.177,0.120,1.00,drowsy_microsleep
2025-11-11 11:30:09,0.172,0.000,1.00,drowsy_microsleep
2025-11-11 11:30:15,0.159,0.000,1.00,drowsy_microsleep
2025-11-11 11:30:17,0.126,0.000,1.00,drowsy_microsleep
2025-11-11 11:30:19,0.150,0.043,1.00,drowsy_microsleep
2025-11-11 11:30:23,0.145,0.000,1.00,drowsy_microsleep
2025-11-11 11:30:34,0.144,0.000,1.00,drowsy_microsleep
2025-11-11 11:30:37,0.163,0.000,1.00,drowsy_microsleep
2025-11-11 11:30:43,0.159,0.050,1.00,drowsy_microsleep
2025-11-11 11:31:08,0.205,0.182,0.97,drowsy_microsleep
2025-11-11 11:31:11,0.109,0.047,1.00,drowsy_microsleep
2025-11-11 11:31:36,0.134,0.043,1.00,drowsy_microsleep
2025-11-11 11:31:49,0.214,0.028,0.94,drowsy_microsleep
2025-11-17 11:00:51,0.172,0.000,1.00,drowsy_microsleep
2025-11-17 11:00:58,0.199,0.017,0.98,drowsy_microsleep
2025-11-21 14:21:18,0.070,0.058,1.00,drowsy_microsleep
2025-11-21 14:21:29,0.083,0.000,1.00,drowsy_microsleep
2025-11-21 14:21:35,0.135,0.000,1.00,drowsy_microsleep
2025-11-21 14:21:50,0.186,0.608,1.00,drowsy_microsleep
2025-11-21 14:22:12,0.078,0.022,1.00,drowsy_microsleep
2025-11-21 14:22:17,0.103,0.023,1.00,drowsy_microsleep
2025-11-21 14:22:21,0.077,0.024,1.00,drowsy_microsleep
2025-11-21 14:22:26,0.142,0.049,1.00,drowsy_microsleep
2025-11-23 08:37:15,0.214,0.020,0.94,drowsy_microsleep
2025-11-23 08:37:40,0.139,0.000,1.00,drowsy_microsleep
2025-11-23 08:38:13,0.189,0.022,0.99,drowsy_microsleep
2025-11-23 08:49:32,0.189,0.000,0.99,drowsy_microsleep
2025-11-23 09:43:53,0.193,0.000,0.98,drowsy_microsleep
2025-11-23 10:02:06,0.121,0.015,1.00,fatigue_level_3
2025-11-23 10:03:14,0.130,0.000,1.00,fatigue_level_3
2025-11-23 10:04:45,0.149,0.013,1.00,fatigue_level_3
2025-11-23 20:30:41,0.256,0.022,0.38,fatigue_level_1
2025-11-23 20:32:01,0.292,0.000,0.05,fatigue_level_1
2025-11-23 20:32:17,0.247,0.020,0.53,fatigue_level_2
2025-11-23 20:35:17,0.234,0.159,0.78,fatigue_level_2
2025-11-23 20:35:37,0.224,0.000,0.84,fatigue_level_2
2025-11-23 20:36:25,0.239,0.000,0.66,fatigue_level_2
2025-11-23 20:38:37,0.216,0.021,0.93,fatigue_level_2
2025-11-23 20:38:46,0.232,0.022,0.76,fatigue_level_2
2025-11-23 20:40:44,0.223,0.000,0.84,fatigue_level_2
2025-11-23 20:44:57,0.240,0.020,0.64,fatigue_level_2
2025-11-23 20:45:01,0.226,0.042,0.82,fatigue_level_2
2025-11-23 20:45:12,0.248,0.000,0.51,fatigue_level_2
2025-11-23 20:46:27,0.148,0.000,1.00,fatigue_level_3
2025-11-23 20:53:00,0.146,0.018,1.00,fatigue_level_3
2025-11-23 20:55:11,0.134,0.041,1.00,fatigue_level_3
2025-11-23 22:18:36,0.099,0.000,1.00,fatigue_level_3
2025-11-23 22:18:42,0.126,0.048,1.00,fatigue_level_3
2025-11-23 22:18:49,0.064,0.016,1.00,fatigue_level_3
2025-11-23 22:18:56,0.074,0.000,1.00,fatigue_level_3
2025-11-23 22:25:00,0.147,0.000,1.00,fatigue_level_3
2025-11-23 22:25:29,0.187,0.049,0.99,fatigue_level_3
2025-11-23 22:25:39,0.113,0.064,1.00,fatigue_level_3
2025-11-23 22:25:51,0.134,0.016,1.00,fatigue_level_3
2025-11-23 22:26:00,0.049,0.079,1.00,fatigue_level_3
2025-11-23 22:26:31,0.066,0.015,1.00,fatigue_level_3
2025-11-23 22:26:40,0.062,0.015,1.00,fatigue_level_3
2025-11-23 22:26:48,0.048,0.014,1.00,fatigue_level_3
2025-11-23 22:27:06,0.123,0.000,1.00,fatigue_level_3
2025-11-23 22:27:29,0.080,0.000,1.00,fatigue_level_3
2025-11-23 22:27:39,0.087,0.014,1.00,fatigue_level_3
2025-11-23 22:27:49,0.122,0.000,1.00,fatigue_level_3
2025-11-23 22:28:22,0.155,0.014,1.00,fatigue_level_3
2025-11-23 22:29:03,0.112,0.020,1.00,fatigue_level_3
2025-11-23 22:35:21,0.104,0.000,1.00,fatigue_level_3
2025-11-23 22:35:33,0.123,0.017,1.00,fatigue_level_3
2025-11-23 22:44:50,0.214,0.000,0.93,fatigue_level_2
2025-11-23 22:44:55,0.156,0.034,1.00,fatigue_level_2
2025-11-23 22:44:58,0.210,0.048,0.95,fatigue_level_2
2025-11-23 22:45:04,0.216,0.017,0.93,fatigue_level_2
2025-11-23 22:45:09,0.208,0.015,0.95,fatigue_level_2
2025-11-23 22:45:18,0.193,0.000,0.98,fatigue_level_2
2025-11-23 22:45:23,0.209,0.014,0.95,fatigue_level_2
2025-11-23 22:45:29,0.219,0.014,0.91,fatigue_level_2
2025-11-23 22:45:37,0.218,0.015,0.92,fatigue_level_2
2025-11-23 22:50:16,0.218,0.118,0.93,fatigue_level_2
2025-11-23 22:50:19,0.187,0.000,0.99,fatigue_level_2
2025-11-23 22:52:00,0.211,0.029,0.95,fatigue_level_2
2025-11-24 06:46:46,0.207,0.036,0.96,fatigue_level_2
2025-11-24 06:46:51,0.202,0.026,0.97,fatigue_level_2
2025-11-24 06:46:57,0.192,0.052,0.99,fatigue_level_2
2025-11-24 06:47:01,0.217,0.052,0.93,fatigue_level_2
2025-11-24 06:47:08,0.215,0.059,0.93,fatigue_level_2
2025-11-24 06:47:10,0.130,0.108,1.00,fatigue_level_2
2025-11-24 06:47:16,0.143,0.023,1.00,fatigue_level_2
2025-11-24 06:47:19,0.213,0.063,0.94,fatigue_level_2
2025-11-24 06:47:25,0.219,0.310,0.95,fatigue_level_2
2025-11-24 06:47:30,0.194,0.038,0.98,fatigue_level_2
2025-11-24 06:47:39,0.208,0.022,0.96,fatigue_level_2
2025-11-24 07:01:45,0.211,0.113,0.96,fatigue_level_2
2025-11-24 07:01:46,0.216,0.156,0.94,fatigue_level_2
2025-11-24 07:01:46,0.206,0.115,0.97,fatigue_level_2
2025-11-24 07:01:46,0.212,0.044,0.95,fatigue_level_2
2025-11-24 07:01:47,0.202,0.125,0.97,fatigue_level_2
2025-11-24 07:01:51,0.170,0.196,1.00,fatigue_level_2
2025-11-24 07:01:59,0.069,0.129,1.00,fatigue_level_2
2025-11-24 07:02:00,0.208,0.144,0.97,fatigue_level_2
2025-11-24 07:02:00,0.212,0.150,0.96,fatigue_level_2
2025-11-24 07:02:00,0.219,0.210,0.94,fatigue_level_2
2025-11-24 07:02:00,0.200,0.284,0.98,fatigue_level_2
2025-11-24 07:02:02,0.196,0.066,0.98,fatigue_level_2
2025-11-24 07:02:03,0.193,0.031,0.98,fatigue_level_2
2025-11-24 07:02:04,0.136,0.028,1.00,fatigue_level_2
2025-11-24 07:02:04,0.080,0.341,1.00,fatigue_level_2
2025-11-24 07:02:20,0.144,0.047,1.00,fatigue_level_2
2025-11-24 07:02:21,0.111,0.145,1.00,fatigue_level_2
2025-11-24 07:02:23,0.136,0.035,1.00,fatigue_level_2
2025-11-24 07:02:23,0.123,0.113,1.00,fatigue_level_2
2025-11-24 07:02:23,0.085,0.055,1.00,fatigue_level_2
2025-11-24 07:02:23,0.107,0.295,1.00,fatigue_level_2
2025-11-24 07:02:23,0.110,0.428,1.00,fatigue_level_2
2025-11-24 07:02:24,0.111,0.018,1.00,fatigue_level_2
2025-11-24 07:02:25,0.125,0.514,1.00,fatigue_level_2
2025-11-24 07:02:25,0.104,0.021,1.00,fatigue_level_2
2025-11-24 07:02:26,0.131,0.020,1.00,fatigue_level_2
2025-11-24 07:02:26,0.104,0.030,1.00,fatigue_level_2
2025-11-24 07:02:27,0.142,0.071,1.00,fatigue_level_2
2025-11-24 07:02:27,0.129,0.015,1.00,fatigue_level_2
2025-11-24 07:02:28,0.146,0.000,1.00,fatigue_level_2
2025-11-24 07:02:28,0.145,0.090,1.00,fatigue_level_2
2025-11-24 07:02:28,0.147,0.015,1.00,fatigue_level_2
2025-11-24 07:02:28,0.145,0.020,1.00,fatigue_level_2
2025-11-24 07:02:28,0.145,0.075,1.00,fatigue_level_2
2025-11-24 07:02:29,0.135,0.015,1.00,fatigue_level_2
2025-11-24 07:02:29,0.132,0.000,1.00,fatigue_level_2
2025-11-24 07:02:29,0.085,0.000,1.00,fatigue_level_2
2025-11-24 07:02:31,0.139,0.016,1.00,fatigue_level_2
2025-11-24 07:02:35,0.134,0.000,1.00,fatigue_level_2
2025-11-24 07:02:36,0.142,0.030,1.00,fatigue_level_2
2025-11-24 07:02:36,0.184,0.014,0.99,fatigue_level_2
2025-11-24 07:02:36,0.203,0.026,0.97,fatigue_level_2
2025-11-24 07:02:37,0.196,0.000,0.98,fatigue_level_2
2025-11-24 07:02:37,0.214,0.000,0.93,fatigue_level_2
2025-11-24 07:03:24,0.198,0.046,0.98,fatigue_level_2
2025-11-24 07:03:33,0.179,0.073,0.99,fatigue_level_2
2025-11-24 07:03:34,0.215,0.024,0.93,fatigue_level_2
2025-11-24 07:03:36,0.211,0.000,0.95,fatigue_level_2
2025-11-24 07:03:42,0.198,0.075,0.98,fatigue_level_2
2025-11-24 07:03:48,0.189,0.000,0.99,fatigue_level_2
2025-11-24 07:03:57,0.061,0.047,1.00,fatigue_level_2
2025-11-24 07:03:57,0.215,0.023,0.93,fatigue_level_2
2025-11-24 07:03:58,0.212,0.024,0.94,fatigue_level_2
2025-11-24 07:04:00,0.206,0.024,0.96,fatigue_level_2
2025-11-24 07:04:00,0.208,0.000,0.95,fatigue_level_2
2025-11-24 07:04:01,0.190,0.093,0.99,fatigue_level_2
2025-11-24 07:04:01,0.166,0.023,1.00,fatigue_level_2
2025-11-24 07:04:01,0.207,0.024,0.96,fatigue_level_2
2025-11-24 07:04:04,0.212,0.052,0.95,fatigue_level_2
2025-11-24 07:04:04,0.217,0.048,0.93,fatigue_level_2
2025-11-24 07:04:04,0.211,0.024,0.95,fatigue_level_2
2025-11-24 07:04:04,0.216,0.071,0.93,fatigue_level_2
2025-11-24 07:04:05,0.212,0.098,0.95,fatigue_level_2
2025-11-24 07:04:05,0.216,0.000,0.92,fatigue_level_2
2025-11-24 07:04:05,0.216,0.000,0.92,fatigue_level_2
2025-11-24 07:04:05,0.195,0.025,0.98,fatigue_level_2
2025-11-24 07:04:06,0.023,0.095,1.00,fatigue_level_2
2025-11-24 07:04:06,0.220,0.000,0.91,fatigue_level_2
2025-11-24 07:04:06,0.216,0.000,0.92,fatigue_level_2
2025-11-24 07:04:06,0.206,0.000,0.96,fatigue_level_2
2025-11-24 07:04:06,0.206,0.000,0.96,fatigue_level_2
2025-11-24 07:04:06,0.207,0.000,0.96,fatigue_level_2
2025-11-24 07:04:06,0.218,0.000,0.91,fatigue_level_2
2025-11-24 07:04:06,0.218,0.098,0.93,fatigue_level_2
2025-11-24 07:04:07,0.218,0.000,0.92,fatigue_level_2
2025-11-24 07:09:30,0.179,0.085,0.99,fatigue_level_2
2025-11-24 07:09:31,0.219,0.021,0.92,fatigue_level_2
2025-11-24 07:09:31,0.220,0.152,0.93,fatigue_level_2
2025-11-24 07:09:33,0.210,0.021,0.95,fatigue_level_2
2025-11-24 07:09:33,0.216,0.108,0.94,fatigue_level_2
2025-11-24 07:09:33,0.204,0.149,0.97,fatigue_level_2
2025-11-24 07:09:33,0.199,0.049,0.98,fatigue_level_2
2025-11-24 07:09:34,0.204,0.000,0.96,fatigue_level_2
2025-11-24 07:09:34,0.214,0.042,0.94,fatigue_level_2
2025-11-24 07:09:34,0.219,0.191,0.93,fatigue_level_2
2025-11-24 07:09:34,0.211,0.083,0.95,fatigue_level_2
2025-11-24 07:09:34,0.210,0.204,0.97,fatigue_level_2
2025-11-24 07:09:34,0.216,0.022,0.93,fatigue_level_2
2025-11-24 07:09:37,0.209,0.000,0.95,fatigue_level_2
2025-11-24 07:09:44,0.214,0.020,0.93,fatigue_level_2
2025-11-24 07:09:47,0.025,0.089,1.00,fatigue_level_2
2025-11-24 07:10:38,0.207,0.000,0.96,fatigue_level_2
2025-11-24 07:10:44,0.194,0.000,0.98,fatigue_level_2
2025-11-24 07:10:44,0.179,0.026,0.99,fatigue_level_2
2025-11-24 07:12:58,0.055,0.900,1.00,fatigue_level_3
2025-11-24 07:12:59,0.066,0.911,1.00,fatigue_level_3
2025-11-24 07:12:59,0.089,0.915,1.00,fatigue_level_3
2025-11-24 07:13:02,0.114,0.912,1.00,fatigue_level_3
2025-11-24 07:13:03,0.091,1.001,1.00,fatigue_level_3
2025-11-24 07:13:03,0.056,0.884,1.00,fatigue_level_3
2025-11-24 07:13:03,0.083,0.926,1.00,fatigue_level_3
2025-11-24 07:13:04,0.096,0.884,1.00,fatigue_level_3
2025-11-24 07:13:06,0.099,0.945,1.00,fatigue_level_3
2025-11-24 07:13:07,0.042,0.891,1.00,fatigue_level_3
2025-11-24 07:13:07,0.086,0.885,1.00,fatigue_level_3
2025-11-24 07:13:07,0.069,0.932,1.00,fatigue_level_3
2025-11-24 07:13:07,0.020,0.884,1.00,fatigue_level_3
2025-11-24 07:13:08,0.030,0.926,1.00,fatigue_level_3
2025-11-24 07:13:08,0.055,0.944,1.00,fatigue_level_3
2025-11-24 07:13:08,0.065,0.928,1.00,fatigue_level_3
2025-11-24 07:13:09,0.041,0.903,1.00,fatigue_level_3
2025-11-24 07:13:09,0.059,0.904,1.00,fatigue_level_3
2025-11-24 07:13:09,0.060,0.941,1.00,fatigue_level_3
2025-11-24 07:13:10,0.128,1.209,1.00,fatigue_level_3
2025-11-24 07:13:10,0.105,1.147,1.00,fatigue_level_3
2025-11-24 07:13:19,0.045,0.759,1.00,fatigue_level_3
2025-11-24 07:13:23,0.112,0.362,1.00,fatigue_level_3
2025-11-24 07:13:24,0.146,0.235,1.00,fatigue_level_3
2025-11-24 07:13:24,0.116,0.080,1.00,fatigue_level_3
2025-11-24 07:13:24,0.145,0.000,1.00,fatigue_level_3
2025-11-24 07:13:24,0.140,0.000,1.00,fatigue_level_3
2025-11-24 07:13:24,0.126,0.000,1.00,fatigue_level_3
2025-11-24 07:13:25,0.132,0.027,1.00,fatigue_level_3
2025-11-24 07:13:26,0.140,0.000,1.00,fatigue_level_3
2025-11-24 07:13:26,0.118,0.000,1.00,fatigue_level_3
2025-11-24 07:13:26,0.132,0.000,1.00,fatigue_level_3
2025-11-24 07:13:28,0.106,0.020,1.00,fatigue_level_3
2025-11-24 07:13:30,0.144,0.000,1.00,fatigue_level_3
2025-11-24 07:13:31,0.057,0.000,1.00,fatigue_level_3
2025-11-24 07:13:32,0.053,0.214,1.00,fatigue_level_3
2025-11-24 07:13:33,0.061,0.000,1.00,fatigue_level_3
2025-11-24 07:13:34,0.115,0.064,1.00,fatigue_level_3
2025-11-24 07:13:34,0.147,0.021,1.00,fatigue_level_3
2025-11-24 07:13:34,0.075,0.022,1.00,fatigue_level_3
2025-11-24 07:13:36,0.138,0.000,1.00,fatigue_level_3
2025-11-24 07:22:13,0.184,0.920,1.00,fatigue_level_3
2025-11-24 07:22:13,0.141,0.696,1.00,fatigue_level_3
2025-11-24 07:22:13,0.135,0.775,1.00,fatigue_level_3
2025-11-24 07:22:13,0.129,0.683,1.00,fatigue_level_3
2025-11-24 07:22:14,0.142,0.815,1.00,fatigue_level_3
2025-11-24 07:22:14,0.146,0.852,1.00,fatigue_level_3
2025-11-24 07:22:14,0.181,0.906,1.00,fatigue_level_3
2025-11-24 07:22:14,0.138,0.827,1.00,fatigue_level_3
2025-11-24 07:22:14,0.136,0.884,1.00,fatigue_level_3
2025-11-24 07:22:16,0.121,0.652,1.00,fatigue_level_3
2025-11-24 07:22:16,0.134,0.817,1.00,fatigue_level_3
2025-11-24 07:22:17,0.127,0.829,1.00,fatigue_level_3
2025-11-24 07:22:17,0.184,0.910,1.00,fatigue_level_3
2025-11-24 07:22:17,0.128,0.742,1.00,fatigue_level_3
2025-11-24 07:22:42,0.037,0.022,1.00,fatigue_level_3
2025-11-24 07:22:43,0.115,0.021,1.00,fatigue_level_3
2025-11-24 07:22:44,0.129,0.021,1.00,fatigue_level_3
2025-11-24 07:22:44,0.134,0.022,1.00,fatigue_level_3
2025-11-24 07:22:50,0.144,0.000,1.00,fatigue_level_3
2025-11-24 07:22:51,0.132,0.000,1.00,fatigue_level_3
2025-11-24 07:22:51,0.146,0.500,1.00,fatigue_level_3
2025-11-24 07:22:52,0.109,0.565,1.00,fatigue_level_3
2025-11-24 07:22:52,0.132,0.168,1.00,fatigue_level_3
2025-11-24 07:22:52,0.134,0.062,1.00,fatigue_level_3
2025-11-24 07:22:52,0.144,0.020,1.00,fatigue_level_3
2025-11-24 07:22:53,0.144,0.000,1.00,fatigue_level_3
2025-11-24 07:22:53,0.144,0.021,1.00,fatigue_level_3
2025-11-24 07:22:53,0.140,0.020,1.00,fatigue_level_3
2025-11-24 07:22:54,0.149,0.000,1.00,fatigue_level_3
2025-11-24 07:22:55,0.014,0.000,1.00,fatigue_level_3
2025-11-24 07:22:57,0.034,0.020,1.00,fatigue_level_3
2025-11-24 07:23:08,0.116,0.000,1.00,fatigue_level_3
2025-11-24 07:23:08,0.114,0.000,1.00,fatigue_level_3
2025-11-24 07:23:08,0.148,0.243,1.00,fatigue_level_3
2025-11-24 07:23:08,0.146,0.108,1.00,fatigue_level_3
2025-11-24 07:23:08,0.138,0.020,1.00,fatigue_level_3
2025-11-24 07:23:09,0.110,0.000,1.00,fatigue_level_3
2025-11-24 07:23:09,0.131,0.021,1.00,fatigue_level_3
2025-11-24 07:23:09,0.135,0.021,1.00,fatigue_level_3
2025-11-24 07:23:09,0.120,0.020,1.00,fatigue_level_3
2025-11-24 07:23:10,0.142,0.020,1.00,fatigue_level_3
2025-11-24 07:23:10,0.147,0.063,1.00,fatigue_level_3
2025-11-24 07:23:10,0.124,0.029,1.00,fatigue_level_3
2025-11-24 07:23:12,0.129,0.046,1.00,fatigue_level_3
2025-11-24 07:23:32,0.193,0.904,1.00,fatigue_level_3
2025-11-24 07:29:22,0.190,0.045,0.99,fatigue_level_3
2025-11-24 07:29:28,0.128,0.020,1.00,fatigue_level_4
2025-11-24 07:30:28,0.192,0.072,0.99,fatigue_level_3
2025-11-24 07:30:29,0.186,0.176,0.99,fatigue_level_3
2025-11-24 07:30:29,0.196,0.035,0.98,fatigue_level_3
2025-11-24 07:30:29,0.198,0.087,0.98,fatigue_level_3
2025-11-24 07:30:29,0.188,0.084,0.99,fatigue_level_3
2025-11-24 07:30:29,0.192,0.141,0.99,fatigue_level_3
2025-11-24 07:30:30,0.188,0.067,0.99,fatigue_level_3
2025-11-24 07:30:30,0.162,0.037,1.00,fatigue_level_3
2025-11-24 07:30:30,0.165,0.000,1.00,fatigue_level_3
2025-11-24 07:30:30,0.169,0.165,1.00,fatigue_level_3
2025-11-24 07:30:35,0.196,0.027,0.98,fatigue_level_3
2025-11-24 07:30:35,0.188,0.000,0.99,fatigue_level_3
2025-11-24 07:30:40,0.161,0.081,1.00,fatigue_level_3
2025-11-24 07:30:40,0.172,0.000,1.00,fatigue_level_3
2025-11-24 07:30:42,0.184,0.000,0.99,fatigue_level_3
2025-11-24 07:30:44,0.189,0.015,0.99,fatigue_level_3
2025-11-24 07:30:44,0.194,0.034,0.98,fatigue_level_3
2025-11-24 07:30:44,0.188,0.086,0.99,fatigue_level_3
2025-11-24 07:30:44,0.196,0.000,0.98,fatigue_level_3
2025-11-24 07:30:44,0.192,0.111,0.99,fatigue_level_3
2025-11-24 07:30:44,0.196,0.029,0.98,fatigue_level_3
2025-11-24 07:30:46,0.057,0.053,1.00,fatigue_level_4
2025-11-24 07:30:49,0.186,0.034,0.99,fatigue_level_3
2025-11-24 07:30:49,0.197,0.143,0.98,fatigue_level_3
2025-11-24 07:30:49,0.185,0.102,0.99,fatigue_level_3
2025-11-24 07:30:50,0.195,0.015,0.98,fatigue_level_3
2025-11-24 07:30:50,0.197,0.061,0.98,fatigue_level_3
2025-11-24 07:30:50,0.197,0.074,0.98,fatigue_level_3
2025-11-24 07:30:51,0.198,0.127,0.98,fatigue_level_3
2025-11-24 07:30:51,0.192,0.087,0.99,fatigue_level_3
2025-11-24 07:30:51,0.190,0.042,0.99,fatigue_level_3
2025-11-24 07:30:52,0.199,0.000,0.97,fatigue_level_3
2025-11-24 07:30:53,0.072,0.026,1.00,fatigue_level_4
2025-11-24 07:30:54,0.124,0.000,1.00,fatigue_level_4
2025-11-24 07:30:55,0.179,0.000,0.99,fatigue_level_3
2025-11-24 07:31:11,0.179,0.084,0.99,fatigue_level_3
2025-11-24 07:31:12,0.186,0.016,0.99,fatigue_level_3
2025-11-24 07:31:12,0.185,0.075,0.99,fatigue_level_3
2025-11-24 07:31:13,0.106,0.303,1.00,fatigue_level_4
2025-11-24 07:31:13,0.194,0.158,0.99,fatigue_level_3
2025-11-24 07:31:13,0.190,0.099,0.99,fatigue_level_3
2025-11-24 07:31:14,0.197,0.014,0.98,fatigue_level_3
2025-11-24 07:31:15,0.194,0.282,0.99,fatigue_level_3
2025-11-24 07:31:15,0.181,0.165,0.99,fatigue_level_3
2025-11-24 07:31:15,0.176,0.155,1.00,fatigue_level_3
2025-11-24 07:31:15,0.134,0.204,1.00,fatigue_level_4
2025-11-24 07:31:16,0.047,0.127,1.00,fatigue_level_4
2025-11-24 07:31:16,0.132,0.092,1.00,fatigue_level_4
2025-11-24 07:31:16,0.058,0.064,1.00,fatigue_level_4
2025-11-24 07:31:17,0.197,0.219,0.99,fatigue_level_3
2025-11-24 07:31:17,0.197,0.126,0.98,fatigue_level_3
2025-11-24 07:31:17,0.178,0.022,0.99,fatigue_level_3
2025-11-24 07:31:17,0.197,0.155,0.98,fatigue_level_3
2025-11-24 07:31:17,0.194,0.065,0.98,fatigue_level_3
2025-11-24 07:31:18,0.186,0.110,0.99,fatigue_level_3
2025-11-24 07:31:18,0.177,0.125,1.00,fatigue_level_3
2025-11-24 07:31:19,0.199,0.185,0.98,fatigue_level_3
2025-11-24 07:31:19,0.069,0.235,1.00,fatigue_level_4
2025-11-24 07:31:19,0.106,0.062,1.00,fatigue_level_4
2025-11-24 07:31:20,0.072,0.062,1.00,fatigue_level_4
2025-11-24 07:31:20,0.137,0.141,1.00,fatigue_level_4
2025-11-24 07:31:20,0.067,0.108,1.00,fatigue_level_4
2025-11-24 07:31:20,0.041,0.063,1.00,fatigue_level_4
2025-11-24 07:31:25,0.052,0.012,1.00,fatigue_level_4
2025-11-24 07:31:25,0.069,0.000,1.00,fatigue_level_4
2025-11-24 07:31:26,0.060,0.012,1.00,fatigue_level_4
2025-11-24 07:31:26,0.181,0.011,0.99,fatigue_level_3
2025-11-24 07:31:26,0.059,0.069,1.00,fatigue_level_4
2025-11-24 07:31:26,0.195,0.011,0.98,fatigue_level_3
2025-11-24 07:31:27,0.096,0.000,1.00,fatigue_level_4
2025-11-24 07:31:27,0.129,0.054,1.00,fatigue_level_4
2025-11-24 07:31:27,0.197,0.000,0.98,fatigue_level_3
2025-11-24 07:31:28,0.179,0.033,0.99,fatigue_level_3
2025-11-24 07:31:28,0.196,0.000,0.98,fatigue_level_3
2025-11-24 07:31:28,0.147,0.000,1.00,fatigue_level_4
2025-11-24 07:31:28,0.182,0.000,0.99,fatigue_level_3
2025-11-24 07:31:29,0.166,0.000,1.00,fatigue_level_3
2025-11-24 07:31:31,0.167,0.000,1.00,fatigue_level_3
2025-11-24 07:33:54,0.240,0.731,1.00,fatigue_level_3
2025-11-24 07:33:55,0.276,0.728,1.00,fatigue_level_3
2025-11-24 07:33:55,0.261,0.746,1.00,fatigue_level_3
2025-11-24 07:33:55,0.234,0.735,1.00,fatigue_level_3
2025-11-24 07:33:57,0.224,0.787,1.00,fatigue_level_3
2025-11-24 07:34:08,0.368,0.769,0.99,fatigue_level_3
2025-11-24 07:34:09,0.370,0.775,0.99,fatigue_level_3
2025-11-24 07:34:09,0.382,0.791,0.99,fatigue_level_3
2025-11-24 07:34:09,0.378,0.754,0.99,fatigue_level_3
2025-11-24 07:34:10,0.297,0.805,1.00,fatigue_level_3
2025-11-24 07:34:10,0.116,0.790,1.00,fatigue_level_3
2025-11-24 07:34:10,0.135,0.781,1.00,fatigue_level_3
2025-11-24 07:34:10,0.127,0.732,1.00,fatigue_level_3
2025-11-24 07:34:10,0.150,0.776,1.00,fatigue_level_3
2025-11-24 07:34:11,0.123,0.800,1.00,fatigue_level_3
2025-11-24 07:34:11,0.102,0.751,1.00,fatigue_level_3
2025-11-24 07:34:11,0.104,0.762,1.00,fatigue_level_3
2025-11-24 07:34:11,0.098,0.750,1.00,fatigue_level_3
2025-11-24 07:34:11,0.122,0.779,1.00,fatigue_level_3
2025-11-24 07:34:12,0.065,0.731,1.00,fatigue_level_3
2025-11-24 07:34:17,0.126,0.566,1.00,fatigue_level_3
2025-11-24 07:34:20,0.214,0.028,0.94,fatigue_level_3
2025-11-24 07:34:20,0.186,0.031,0.99,fatigue_level_3
2025-11-24 07:37:15,0.118,0.776,1.00,fatigue_level_3
2025-11-24 07:37:15,0.145,0.851,1.00,fatigue_level_3
2025-11-24 07:37:15,0.149,1.022,1.00,fatigue_level_3
2025-11-24 07:38:50,0.088,0.631,1.00,fatigue_level_3
2025-11-24 07:38:50,0.099,0.660,1.00,fatigue_level_3
2025-11-24 07:38:51,0.070,0.607,1.00,fatigue_level_3
2025-11-24 07:38:51,0.060,0.606,1.00,fatigue_level_3
2025-11-24 07:39:01,0.089,0.623,1.00,fatigue_level_3
2025-11-24 07:39:01,0.107,0.608,1.00,fatigue_level_3
2025-11-24 07:39:02,0.076,0.607,1.00,fatigue_level_3
2025-11-24 07:39:03,0.135,0.632,1.00,fatigue_level_3
2025-11-24 07:39:03,0.198,0.822,1.00,fatigue_level_3
2025-11-24 07:39:04,0.054,0.612,1.00,fatigue_level_3
2025-11-24 07:39:04,0.066,0.624,1.00,fatigue_level_3
2025-11-24 07:39:11,0.036,0.033,1.00,fatigue_level_3
2025-11-24 07:39:11,0.150,0.021,1.00,fatigue_level_3
2025-11-24 07:39:11,0.144,0.015,1.00,fatigue_level_3
2025-11-24 07:39:12,0.149,0.015,1.00,fatigue_level_3
2025-11-24 07:39:26,0.133,0.045,1.00,fatigue_level_3
2025-11-24 07:39:27,0.144,0.088,1.00,fatigue_level_3
2025-11-24 07:39:28,0.138,0.061,1.00,fatigue_level_3
2025-11-24 07:39:28,0.127,0.030,1.00,fatigue_level_3
2025-11-24 07:39:28,0.145,0.059,1.00,fatigue_level_3
2025-11-24 07:39:28,0.145,0.033,1.00,fatigue_level_3
2025-11-24 07:54:34,0.219,0.018,0.91,fatigue_level_4
2025-11-24 07:54:35,0.220,0.000,0.87,fatigue_level_4
2025-11-24 07:54:38,0.221,0.015,0.87,fatigue_level_4
2025-11-24 07:54:38,0.217,0.063,0.93,fatigue_level_4
2025-11-24 07:54:38,0.208,0.032,0.96,fatigue_level_4
2025-11-24 07:54:38,0.222,0.031,0.86,fatigue_level_4
2025-11-24 07:54:39,0.222,0.017,0.86,fatigue_level_4
2025-11-24 07:54:39,0.218,0.066,0.92,fatigue_level_4
2025-11-24 07:54:39,0.221,0.017,0.86,fatigue_level_4
2025-11-24 07:54:40,0.222,0.000,0.85,fatigue_level_4
2025-11-24 07:54:40,0.218,0.000,0.92,fatigue_level_4
2025-11-24 07:54:40,0.222,0.017,0.85,fatigue_level_4
2025-11-24 07:54:40,0.220,0.000,0.87,fatigue_level_4
2025-11-24 07:54:40,0.213,0.017,0.94,fatigue_level_4
2025-11-24 07:54:40,0.226,0.131,0.85,fatigue_level_4
2025-11-24 07:54:40,0.222,0.033,0.86,fatigue_level_4
2025-11-24 07:54:43,0.184,0.082,0.99,fatigue_level_4
2025-11-24 07:54:46,0.207,0.000,0.96,fatigue_level_4
2025-11-24 07:54:46,0.213,0.049,0.94,fatigue_level_4
2025-11-24 07:54:47,0.208,0.033,0.96,fatigue_level_4
2025-11-24 07:54:48,0.221,0.016,0.87,fatigue_level_4
2025-11-24 07:54:48,0.202,0.093,0.97,fatigue_level_4
2025-11-24 07:54:48,0.207,0.000,0.96,fatigue_level_4
2025-11-24 07:54:49,0.222,0.016,0.86,fatigue_level_4
2025-11-24 07:54:49,0.209,0.017,0.95,fatigue_level_4
2025-11-24 07:54:51,0.222,0.032,0.86,fatigue_level_4
2025-11-24 07:54:51,0.218,0.081,0.93,fatigue_level_4
2025-11-24 07:54:52,0.299,0.631,1.00,fatigue_level_4
2025-11-24 07:54:52,0.323,0.749,1.00,fatigue_level_4
2025-11-24 07:54:54,0.206,0.203,0.97,fatigue_level_4
2025-11-24 07:54:54,0.195,0.148,0.98,fatigue_level_4
2025-11-24 07:54:54,0.141,0.023,1.00,fatigue_level_4
2025-11-24 07:54:55,0.218,0.046,0.92,fatigue_level_4
2025-11-24 07:55:13,0.222,0.016,0.85,fatigue_level_4
2025-11-24 07:55:16,0.222,0.023,0.86,fatigue_level_4
2025-11-24 07:55:16,0.217,0.016,0.92,fatigue_level_4
2025-11-24 07:55:16,0.220,0.000,0.91,fatigue_level_4
2025-11-24 07:55:17,0.222,0.016,0.85,fatigue_level_4
2025-11-24 07:55:17,0.217,0.053,0.93,fatigue_level_4
2025-11-24 07:55:17,0.220,0.037,0.87,fatigue_level_4
2025-11-24 07:55:17,0.213,0.182,0.96,fatigue_level_4
2025-11-24 07:55:18,0.211,0.060,0.95,fatigue_level_4
2025-11-24 07:55:18,0.208,0.123,0.96,fatigue_level_4
2025-11-24 07:55:18,0.212,0.042,0.94,fatigue_level_4
2025-11-24 07:55:18,0.201,0.000,0.97,fatigue_level_4
2025-11-24 07:55:18,0.216,0.019,0.93,fatigue_level_4
2025-11-24 07:55:18,0.212,0.019,0.94,fatigue_level_4
2025-11-24 07:55:18,0.213,0.020,0.94,fatigue_level_4
2025-11-24 07:55:21,0.087,0.019,1.00,fatigue_level_4
2025-11-24 07:55:23,0.222,0.027,0.86,fatigue_level_4
2025-11-24 07:55:24,0.221,0.000,0.86,fatigue_level_4
2025-11-24 07:55:24,0.217,0.000,0.92,fatigue_level_4
2025-11-24 07:55:25,0.206,0.038,0.96,fatigue_level_4
2025-11-24 07:55:25,0.202,0.020,0.97,fatigue_level_4
2025-11-24 07:55:25,0.215,0.019,0.93,fatigue_level_4
2025-11-24 07:55:25,0.218,0.000,0.92,fatigue_level_4
2025-11-24 07:55:25,0.198,0.000,0.98,fatigue_level_4
2025-11-24 07:55:25,0.221,0.000,0.86,fatigue_level_4
2025-11-24 07:55:26,0.209,0.027,0.95,fatigue_level_4
2025-11-24 07:55:26,0.216,0.020,0.93,fatigue_level_4
2025-11-24 07:55:26,0.219,0.020,0.91,fatigue_level_4
2025-11-24 07:55:26,0.209,0.020,0.95,fatigue_level_4
2025-11-24 07:55:26,0.219,0.019,0.91,fatigue_level_4
2025-11-24 07:55:27,0.217,0.019,0.92,fatigue_level_4
2025-11-24 07:55:27,0.214,0.028,0.94,fatigue_level_4
2025-11-24 07:55:27,0.209,0.020,0.95,fatigue_level_4
2025-11-24 07:55:27,0.208,0.020,0.96,fatigue_level_4
2025-11-24 07:55:28,0.213,0.000,0.94,fatigue_level_4
2025-11-24 07:55:28,0.209,0.019,0.95,fatigue_level_4
2025-11-24 07:55:28,0.194,0.018,0.98,fatigue_level_4
2025-11-24 07:55:28,0.212,0.037,0.95,fatigue_level_4
2025-11-24 07:55:28,0.206,0.041,0.96,fatigue_level_4
2025-11-24 07:55:29,0.216,0.039,0.93,fatigue_level_4
2025-11-24 07:55:29,0.212,0.018,0.94,fatigue_level_4
2025-11-24 07:55:29,0.216,0.000,0.92,fatigue_level_4
2025-11-24 07:55:29,0.215,0.028,0.93,fatigue_level_4
2025-11-24 07:55:29,0.218,0.019,0.92,fatigue_level_4
2025-11-24 07:55:30,0.221,0.019,0.86,fatigue_level_4
2025-11-24 07:55:30,0.215,0.019,0.93,fatigue_level_4
2025-11-24 07:55:30,0.215,0.019,0.93,fatigue_level_4
2025-11-24 07:55:30,0.214,0.000,0.93,fatigue_level_4
2025-11-24 07:55:30,0.219,0.038,0.91,fatigue_level_4
2025-11-24 07:55:30,0.215,0.027,0.93,fatigue_level_4
2025-11-24 07:55:30,0.223,0.019,0.85,fatigue_level_4
2025-11-24 07:55:31,0.213,0.027,0.94,fatigue_level_4
2025-11-24 07:55:31,0.208,0.019,0.96,fatigue_level_4
2025-11-24 07:55:31,0.220,0.027,0.87,fatigue_level_4
2025-11-24 07:55:31,0.221,0.027,0.87,fatigue_level_4
2025-11-24 07:55:32,0.217,0.019,0.92,fatigue_level_4
2025-11-24 07:55:32,0.218,0.019,0.92,fatigue_level_4
2025-11-24 07:55:32,0.210,0.027,0.95,fatigue_level_4
2025-11-24 07:55:33,0.218,0.043,0.92,fatigue_level_4
2025-11-24 07:55:33,0.217,0.019,0.92,fatigue_level_4
2025-11-24 07:55:33,0.216,0.000,0.93,fatigue_level_4
2025-11-24 07:55:33,0.224,0.094,0.86,fatigue_level_4
2025-11-24 07:55:33,0.219,0.058,0.92,fatigue_level_4
2025-11-24 07:55:40,0.207,0.017,0.96,fatigue_level_4
2025-11-24 07:55:40,0.218,0.017,0.92,fatigue_level_4
2025-11-24 07:55:40,0.222,0.040,0.86,fatigue_level_4
2025-11-24 07:56:22,0.163,0.016,1.00,fatigue_level_4
2025-11-24 07:56:23,0.213,0.022,0.94,fatigue_level_4
2025-11-24 07:56:23,0.214,0.050,0.94,fatigue_level_4
2025-11-24 07:56:23,0.218,0.025,0.92,fatigue_level_4
2025-11-24 07:56:24,0.220,0.017,0.91,fatigue_level_4
2025-11-24 07:56:25,0.215,0.083,0.94,fatigue_level_4
2025-11-24 07:56:25,0.207,0.017,0.96,fatigue_level_4
2025-11-24 07:56:25,0.218,0.024,0.92,fatigue_level_4
2025-11-24 07:56:26,0.163,0.036,1.00,fatigue_level_4
2025-11-24 07:56:29,0.158,0.022,1.00,fatigue_level_4
2025-11-24 07:56:30,0.207,0.016,0.96,fatigue_level_4
2025-11-24 07:56:30,0.221,0.023,0.87,fatigue_level_4
2025-11-24 07:56:30,0.204,0.036,0.97,fatigue_level_4
2025-11-24 07:56:30,0.186,0.033,0.99,fatigue_level_4
2025-11-24 07:56:30,0.188,0.053,0.99,fatigue_level_4
2025-11-24 07:56:30,0.166,0.016,1.00,fatigue_level_4
2025-11-24 07:56:31,0.174,0.049,1.00,fatigue_level_4
2025-11-24 07:56:31,0.175,0.070,1.00,fatigue_level_4
2025-11-24 07:56:48,0.191,0.089,0.99,fatigue_level_4
2025-11-24 07:56:51,0.219,0.056,0.92,fatigue_level_4
2025-11-24 07:56:54,0.208,0.017,0.96,fatigue_level_4
2025-11-24 07:56:56,0.220,0.023,0.87,fatigue_level_4
2025-11-24 07:56:57,0.162,0.000,1.00,fatigue_level_4
2025-11-24 07:56:57,0.204,0.204,0.98,fatigue_level_4
2025-11-24 07:56:57,0.212,0.235,0.96,fatigue_level_4
2025-11-24 07:56:57,0.190,0.000,0.99,fatigue_level_4
2025-11-24 07:56:57,0.179,0.000,0.99,fatigue_level_4
2025-11-24 07:56:58,0.219,0.000,0.91,fatigue_level_4
2025-11-24 07:56:58,0.189,0.000,0.99,fatigue_level_4
2025-11-24 07:56:58,0.212,0.000,0.94,fatigue_level_4
2025-11-24 07:57:01,0.152,0.051,1.00,fatigue_level_4
2025-11-24 07:57:01,0.196,0.026,0.98,fatigue_level_4
2025-11-24 07:57:02,0.172,0.000,1.00,fatigue_level_4
2025-11-24 07:57:02,0.218,0.027,0.92,fatigue_level_4
2025-11-24 07:57:02,0.209,0.034,0.95,fatigue_level_4
2025-11-24 07:57:03,0.205,0.000,0.96,fatigue_level_4
2025-11-24 07:57:03,0.222,0.015,0.85,fatigue_level_4
2025-11-24 07:57:03,0.221,0.015,0.86,fatigue_level_4
2025-11-24 07:57:03,0.221,0.000,0.86,fatigue_level_4
2025-11-24 07:57:04,0.222,0.000,0.85,fatigue_level_4
2025-11-24 07:57:04,0.211,0.000,0.95,fatigue_level_4
2025-11-24 07:57:04,0.224,0.077,0.86,fatigue_level_4
2025-11-24 07:57:04,0.212,0.044,0.95,fatigue_level_4
2025-11-24 07:57:04,0.220,0.015,0.87,fatigue_level_4
2025-11-24 07:57:05,0.217,0.014,0.92,fatigue_level_4
2025-11-24 07:57:05,0.219,0.014,0.91,fatigue_level_4
2025-11-24 07:57:05,0.218,0.014,0.92,fatigue_level_4
2025-11-24 07:57:05,0.197,0.000,0.98,fatigue_level_4
2025-11-24 07:57:06,0.153,0.000,1.00,fatigue_level_4
2025-11-24 07:57:06,0.206,0.000,0.96,fatigue_level_4
2025-11-24 07:57:07,0.157,0.016,1.00,fatigue_level_4
2025-11-24 07:57:07,0.209,0.014,0.95,fatigue_level_4
2025-11-24 07:57:08,0.221,0.015,0.87,fatigue_level_4
2025-11-24 07:57:08,0.216,0.015,0.93,fatigue_level_4
2025-11-24 07:57:08,0.212,0.032,0.94,fatigue_level_4
2025-11-24 07:57:08,0.176,0.000,0.99,fatigue_level_4
2025-11-24 07:57:08,0.179,0.000,0.99,fatigue_level_4
2025-11-24 07:57:09,0.210,0.000,0.95,fatigue_level_4
2025-11-24 07:57:11,0.180,0.000,0.99,fatigue_level_4
2025-11-24 07:57:21,0.151,0.014,1.00,fatigue_level_4
2025-11-24 07:57:30,0.150,0.015,1.00,fatigue_level_4
2025-11-24 07:57:34,0.212,0.019,0.94,fatigue_level_4
2025-11-24 07:57:34,0.215,0.020,0.93,fatigue_level_4
2025-11-24 07:57:34,0.209,0.019,0.95,fatigue_level_4
2025-11-24 07:57:34,0.214,0.028,0.94,fatigue_level_4
2025-11-24 07:57:34,0.210,0.019,0.95,fatigue_level_4
2025-11-24 07:57:34,0.214,0.014,0.94,fatigue_level_4
2025-11-24 07:57:35,0.219,0.014,0.91,fatigue_level_4
2025-11-24 07:57:35,0.217,0.020,0.92,fatigue_level_4
2025-11-24 07:57:35,0.216,0.021,0.93,fatigue_level_4
2025-11-24 07:57:36,0.214,0.015,0.93,fatigue_level_4
2025-11-24 07:57:36,0.220,0.014,0.87,fatigue_level_4
2025-11-24 07:57:40,0.219,0.000,0.91,fatigue_level_4
2025-11-24 07:57:42,0.217,0.014,0.92,fatigue_level_4
2025-11-24 07:57:43,0.221,0.013,0.86,fatigue_level_4
2025-11-24 07:57:44,0.213,0.000,0.94,fatigue_level_4
2025-11-24 07:57:44,0.212,0.014,0.94,fatigue_level_4
2025-11-24 07:57:44,0.217,0.000,0.92,fatigue_level_4
2025-11-24 07:58:11,0.173,0.014,1.00,fatigue_level_4
2025-11-24 07:58:13,0.202,0.014,0.97,fatigue_level_4
2025-11-24 07:58:15,0.202,0.015,0.97,fatigue_level_4
2025-11-24 07:58:15,0.204,0.020,0.97,fatigue_level_4
2025-11-24 07:58:15,0.209,0.000,0.95,fatigue_level_4
2025-11-24 07:58:16,0.204,0.015,0.97,fatigue_level_4
2025-11-24 07:58:18,0.209,0.000,0.95,fatigue_level_4
2025-11-24 07:58:18,0.106,0.015,1.00,fatigue_level_4
2025-11-24 07:58:18,0.204,0.000,0.96,fatigue_level_4
2025-11-24 07:58:19,0.200,0.000,0.97,fatigue_level_4
2025-11-24 07:58:21,0.169,0.000,1.00,fatigue_level_4
2025-11-24 07:58:23,0.150,0.019,1.00,fatigue_level_4
2025-11-24 07:58:23,0.205,0.015,0.96,fatigue_level_4
2025-11-24 07:58:24,0.059,0.000,1.00,fatigue_level_4
2025-11-24 07:58:24,0.144,0.014,1.00,fatigue_level_4
2025-11-24 07:58:28,0.206,0.000,0.96,fatigue_level_4
2025-11-24 07:58:28,0.210,0.015,0.95,fatigue_level_4
2025-11-24 07:58:28,0.199,0.015,0.98,fatigue_level_4
2025-11-24 07:58:29,0.189,0.016,0.99,fatigue_level_4
2025-11-24 07:58:46,0.201,0.000,0.97,fatigue_level_4
2025-11-24 07:58:57,0.197,0.015,0.98,fatigue_level_4
2025-11-24 07:59:00,0.092,0.021,1.00,fatigue_level_4
2025-11-24 07:59:03,0.176,0.031,0.99,fatigue_level_4
2025-11-24 07:59:04,0.194,0.000,0.98,fatigue_level_4
2025-11-24 07:59:05,0.153,0.000,1.00,fatigue_level_4
2025-11-24 07:59:06,0.211,0.217,0.96,fatigue_level_4
2025-11-24 07:59:06,0.208,0.018,0.96,fatigue_level_4
2025-11-24 07:59:06,0.145,0.000,1.00,fatigue_level_4
2025-11-24 07:59:06,0.188,0.022,0.99,fatigue_level_4
2025-11-24 07:59:07,0.168,0.023,1.00,fatigue_level_4
2025-11-24 07:59:07,0.198,0.000,0.98,fatigue_level_4
2025-11-24 07:59:07,0.187,0.031,0.99,fatigue_level_4
2025-11-24 07:59:11,0.204,0.000,0.97,fatigue_level_4
2025-11-24 07:59:11,0.151,0.055,1.00,fatigue_level_4
2025-11-24 07:59:11,0.179,0.088,0.99,fatigue_level_4
2025-11-24 08:00:20,0.131,0.030,0.99,fatigue_level_4
2025-11-24 08:00:22,0.213,0.019,0.96,fatigue_level_4
2025-11-24 08:00:23,0.115,0.000,1.00,fatigue_level_4
2025-11-24 08:00:29,0.151,0.059,0.96,fatigue_level_4
2025-11-24 08:00:31,0.173,0.000,0.98,fatigue_level_4
2025-11-24 08:00:35,0.111,0.042,0.96,fatigue_level_4
2025-11-24 08:00:36,0.047,0.015,0.96,fatigue_level_4
2025-11-24 08:00:38,0.080,0.021,0.95,fatigue_level_4
2025-11-24 08:00:38,0.042,0.014,0.96,fatigue_level_4
2025-11-24 08:00:39,0.200,0.040,0.96,fatigue_level_4
2025-11-24 08:00:41,0.219,0.015,0.96,fatigue_level_4
2025-11-24 08:00:42,0.210,0.019,0.96,fatigue_level_4
2025-11-24 08:00:42,0.200,0.028,0.96,fatigue_level_4
2025-11-24 08:00:43,0.204,0.014,0.96,fatigue_level_4
2025-11-24 08:00:43,0.200,0.014,0.95,fatigue_level_4
2025-11-24 08:00:46,0.210,0.013,0.95,fatigue_level_4
2025-11-24 08:00:54,0.112,0.059,0.99,fatigue_level_4
2025-11-24 08:00:56,0.187,0.014,0.97,fatigue_level_4
2025-11-24 08:00:59,0.189,0.030,0.97,fatigue_level_4
2025-11-24 08:01:00,0.207,0.000,0.96,fatigue_level_4
2025-11-24 08:01:01,0.196,0.014,0.96,fatigue_level_4
2025-11-24 08:01:02,0.068,0.014,0.99,fatigue_level_4
2025-11-24 08:01:03,0.217,0.000,0.96,fatigue_level_4
2025-11-24 08:01:04,0.075,0.020,0.99,fatigue_level_4
2025-11-24 08:01:05,0.126,0.000,1.00,fatigue_level_4
2025-11-24 08:01:05,0.156,0.017,1.00,fatigue_level_4
2025-11-24 08:01:06,0.194,0.023,0.99,fatigue_level_4
2025-11-24 08:01:07,0.213,0.000,0.98,fatigue_level_4
2025-11-24 08:01:08,0.182,0.357,0.99,fatigue_level_4
2025-11-24 08:01:08,0.219,0.637,0.97,fatigue_level_4
2025-11-24 08:01:09,0.151,0.000,0.97,fatigue_level_4
2025-11-24 08:01:10,0.133,0.685,0.95,fatigue_level_4
2025-11-24 08:01:13,0.115,0.000,0.98,fatigue_level_4
2025-11-24 08:01:14,0.202,0.000,0.97,fatigue_level_4
2025-11-24 08:01:15,0.198,0.015,0.95,fatigue_level_4
2025-11-24 08:05:40,0.137,0.015,1.00,fatigue_level_4
2025-11-24 08:05:42,0.067,0.016,0.97,fatigue_level_4
2025-11-24 08:05:43,0.162,0.016,1.00,fatigue_level_4
2025-11-24 08:05:45,0.062,0.000,0.97,fatigue_level_4
2025-11-24 08:05:45,0.071,0.000,0.97,fatigue_level_4
2025-11-24 08:05:46,0.099,0.000,0.97,fatigue_level_4
2025-11-24 08:36:02,0.150,0.047,0.99,fatigue_level_4
2025-11-24 08:36:06,0.148,0.022,0.99,fatigue_level_4
2025-11-24 08:36:09,0.140,0.012,0.96,fatigue_level_4
2025-11-24 08:36:12,0.157,0.000,0.95,fatigue_level_4
2025-11-24 08:36:22,0.179,0.000,0.99,fatigue_level_4
2025-11-24 08:36:30,0.202,0.000,0.95,fatigue_level_4
2025-11-24 08:36:31,0.210,0.012,0.98,fatigue_level_4
2025-11-24 08:36:31,0.096,0.023,0.98,fatigue_level_4
2025-11-24 08:36:32,0.212,0.000,0.98,fatigue_level_4
2025-11-24 08:36:32,0.176,0.016,0.98,fatigue_level_4
2025-11-24 08:36:33,0.163,0.011,0.98,fatigue_level_4
2025-11-24 08:36:33,0.189,0.011,1.00,fatigue_level_4
2025-11-24 08:36:33,0.157,0.011,0.96,fatigue_level_4
2025-11-24 08:36:33,0.121,0.011,1.00,fatigue_level_4
2025-11-24 08:36:34,0.207,0.013,0.97,fatigue_level_4
2025-11-24 08:36:34,0.173,0.000,0.99,fatigue_level_4
2025-11-24 08:36:38,0.199,0.021,0.99,fatigue_level_4
2025-11-24 08:36:43,0.171,0.020,0.98,fatigue_level_4
2025-11-24 08:36:44,0.115,0.033,0.98,fatigue_level_4
2025-11-24 08:36:46,0.207,0.000,0.96,fatigue_level_4
2025-11-24 08:36:48,0.197,0.000,0.99,fatigue_level_4
2025-11-24 08:36:48,0.173,0.000,0.96,fatigue_level_4
2025-11-24 08:36:51,0.194,0.022,0.95,fatigue_level_4
2025-11-24 08:36:52,0.191,0.021,0.95,fatigue_level_4
2025-11-24 08:36:52,0.192,0.000,0.96,fatigue_level_4
2025-11-24 08:36:53,0.195,0.021,0.96,fatigue_level_4
2025-11-24 08:36:54,0.193,0.000,0.95,fatigue_level_4
2025-11-24 08:36:59,0.153,0.021,0.95,fatigue_level_4
2025-11-24 08:37:00,0.137,0.000,0.95,fatigue_level_4
2025-11-24 08:37:00,0.165,0.000,0.96,fatigue_level_4
2025-11-24 08:37:00,0.191,0.021,0.98,fatigue_level_4
2025-11-24 08:37:01,0.161,0.021,0.96,fatigue_level_4
2025-11-24 08:37:02,0.208,0.000,0.95,fatigue_level_4
2025-11-24 08:37:02,0.202,0.000,0.95,fatigue_level_4
2025-11-24 08:37:03,0.191,0.000,0.95,fatigue_level_4
2025-11-24 08:37:03,0.179,0.021,0.96,fatigue_level_4
2025-11-24 08:37:03,0.175,0.000,0.95,fatigue_level_4
2025-11-24 08:37:03,0.170,0.000,0.98,fatigue_level_4
2025-11-24 08:37:05,0.171,0.000,0.98,fatigue_level_4
2025-11-24 08:37:05,0.182,0.000,0.96,fatigue_level_4
2025-11-24 08:37:06,0.192,0.000,0.97,fatigue_level_4
2025-11-24 08:37:08,0.166,0.000,0.97,fatigue_level_4
2025-11-24 08:37:10,0.189,0.000,0.98,fatigue_level_4
2025-11-24 08:37:10,0.189,0.000,0.96,fatigue_level_4
2025-11-24 08:37:11,0.161,0.021,0.96,fatigue_level_4
2025-11-24 08:37:12,0.167,0.000,0.95,fatigue_level_4
2025-11-24 08:37:15,0.187,0.000,0.96,fatigue_level_4
2025-11-24 08:37:21,0.163,0.022,0.95,fatigue_level_4
2025-11-24 08:37:22,0.186,0.000,0.97,fatigue_level_4
2025-11-24 08:37:22,0.203,0.000,0.96,fatigue_level_4
2025-11-24 08:37:22,0.208,0.000,0.96,fatigue_level_4
2025-11-24 08:37:23,0.191,0.000,0.95,fatigue_level_4
2025-11-24 08:37:25,0.176,0.000,0.96,fatigue_level_4
2025-11-24 08:37:25,0.185,0.000,0.95,fatigue_level_4
2025-11-24 08:37:27,0.182,0.000,0.96,fatigue_level_4
2025-11-24 08:37:29,0.199,0.000,0.95,fatigue_level_4
2025-11-24 08:37:33,0.183,0.022,0.98,fatigue_level_4
2025-11-24 08:37:45,0.157,0.021,1.00,fatigue_level_4
2025-11-24 08:37:55,0.091,0.000,1.00,fatigue_level_4
2025-11-24 08:38:03,0.185,0.000,0.98,fatigue_level_4
2025-11-24 08:38:11,0.088,0.022,1.00,fatigue_level_4
2025-11-24 08:38:24,0.215,0.021,0.98,fatigue_level_4
2025-11-24 08:38:43,0.183,0.088,0.99,fatigue_level_4
2025-11-24 08:38:46,0.191,0.047,0.99,fatigue_level_4
2025-11-24 08:38:57,0.089,0.061,1.00,fatigue_level_4
2025-11-24 08:39:05,0.063,0.021,0.97,fatigue_level_4
2025-11-24 08:39:07,0.199,0.041,0.96,fatigue_level_4
2025-11-24 08:39:08,0.188,0.020,0.97,fatigue_level_4
2025-11-24 08:39:09,0.108,0.000,0.97,fatigue_level_4
2025-11-24 08:39:10,0.049,0.022,1.00,fatigue_level_4
2025-11-24 08:39:11,0.199,0.021,0.99,fatigue_level_4
2025-11-24 08:39:12,0.218,0.020,0.95,fatigue_level_4
2025-11-24 08:39:15,0.170,0.021,0.98,fatigue_level_4
2025-11-24 08:39:16,0.215,0.021,0.96,fatigue_level_4
2025-11-24 08:39:17,0.214,0.000,0.97,fatigue_level_4
2025-11-24 08:39:18,0.200,0.020,0.98,fatigue_level_4
2025-11-24 08:39:18,0.194,0.022,0.96,fatigue_level_4
2025-11-24 08:39:19,0.183,0.000,0.95,fatigue_level_4
2025-11-24 08:39:19,0.196,0.000,0.95,fatigue_level_4
2025-11-24 08:39:20,0.191,0.021,0.95,fatigue_level_4
2025-11-24 08:39:20,0.155,0.000,0.95,fatigue_level_4
2025-11-24 08:39:20,0.183,0.042,0.96,fatigue_level_4
2025-11-24 08:39:21,0.081,0.083,0.96,fatigue_level_4
2025-11-24 08:39:24,0.160,0.000,0.97,fatigue_level_4
2025-11-24 08:39:25,0.195,0.000,0.98,fatigue_level_4
2025-11-24 08:39:25,0.130,0.000,0.95,fatigue_level_4
2025-11-24 08:39:26,0.212,0.042,0.97,fatigue_level_4
2025-11-24 08:39:26,0.175,0.000,0.95,fatigue_level_4
2025-11-24 08:39:26,0.186,0.041,0.96,fatigue_level_4
2025-11-24 08:39:27,0.193,0.021,0.98,fatigue_level_4
2025-11-24 08:39:29,0.161,0.000,0.95,fatigue_level_4
2025-11-24 08:39:30,0.194,0.061,0.95,fatigue_level_4
2025-11-24 08:39:30,0.175,0.000,0.95,fatigue_level_4
2025-11-24 08:39:31,0.156,0.000,0.98,fatigue_level_4
2025-11-24 08:39:32,0.188,0.023,0.97,fatigue_level_4
2025-11-24 08:39:34,0.171,0.000,1.00,fatigue_level_4
2025-11-24 08:39:43,0.225,0.022,0.96,fatigue_level_4
2025-11-24 08:40:28,0.220,0.021,0.96,fatigue_level_4
2025-11-24 08:40:40,0.217,0.021,0.97,fatigue_level_4
2025-11-24 08:41:20,0.174,0.000,0.99,fatigue_level_4
2025-11-24 08:41:27,0.197,0.023,0.99,fatigue_level_4
2025-11-24 08:41:44,0.174,0.079,1.00,fatigue_level_4
2025-11-24 08:41:47,0.213,0.022,0.95,fatigue_level_4
2025-11-24 08:41:52,0.073,0.000,0.97,fatigue_level_4
2025-11-24 08:41:55,0.142,0.034,0.95,fatigue_level_4
2025-11-24 08:41:59,0.178,0.034,0.97,fatigue_level_4
2025-11-24 08:41:59,0.163,0.050,0.97,fatigue_level_4
2025-11-24 08:42:01,0.191,0.023,0.99,fatigue_level_4
2025-11-24 08:42:01,0.086,0.105,0.97,fatigue_level_4
2025-11-24 08:42:03,0.070,0.000,1.00,fatigue_level_4
2025-11-24 08:42:04,0.189,0.000,0.96,fatigue_level_4
2025-11-24 08:42:08,0.202,0.000,0.98,fatigue_level_4
2025-11-24 08:42:11,0.205,0.000,0.96,fatigue_level_4
2025-11-24 08:42:12,0.142,0.022,0.96,fatigue_level_4
2025-11-24 08:42:20,0.160,0.000,0.98,fatigue_level_4
2025-11-24 08:42:55,0.208,0.022,0.98,fatigue_level_4
2025-11-24 08:42:56,0.196,0.023,0.97,fatigue_level_4
2025-11-24 08:43:03,0.208,0.000,0.95,fatigue_level_4
2025-11-24 08:43:05,0.177,0.000,0.95,fatigue_level_4
2025-11-24 08:43:07,0.211,0.022,0.96,fatigue_level_4
2025-11-24 08:43:09,0.211,0.000,0.96,fatigue_level_4
2025-11-24 08:43:15,0.124,0.000,1.00,fatigue_level_4
2025-11-24 08:43:38,0.129,0.036,1.00,fatigue_level_4
2025-11-24 08:43:57,0.169,0.000,1.00,fatigue_level_4
2025-11-24 08:53:46,0.140,0.062,1.00,drowsy_microsleep
2025-11-24 08:53:51,0.179,0.000,0.99,drowsy_microsleep
2025-11-24 08:59:28,0.111,0.015,1.00,drowsy_microsleep
2025-11-24 08:59:38,0.099,0.000,1.00,drowsy_microsleep
2025-11-24 09:01:51,0.137,0.017,1.00,drowsy_microsleep
2025-11-24 09:09:38,0.122,0.015,1.00,drowsy_microsleep
2025-11-24 09:09:45,0.199,0.016,0.98,drowsy_microsleep
2025-11-24 09:43:48,0.098,0.000,1.00,drowsy_microsleep
2025-11-24 09:44:07,0.194,0.128,0.99,drowsy_microsleep
2025-11-24 09:45:42,0.143,0.019,1.00,drowsy_microsleep
2025-11-24 09:45:46,0.117,0.000,1.00,drowsy_microsleep
2025-11-24 09:47:51,0.139,0.019,1.00,drowsy_microsleep
2025-11-24 10:11:51,0.236,0.092,0.81,drowsy_microsleep
2025-11-24 10:11:54,0.062,0.047,1.00,drowsy_microsleep
2025-11-24 10:15:15,0.213,0.022,0.85,drowsy_microsleep
2025-11-24 10:16:44,0.211,0.274,0.92,drowsy_microsleep
2025-11-24 10:16:49,0.206,0.233,0.95,drowsy_microsleep
2025-11-24 10:16:54,0.240,0.020,0.86,drowsy_microsleep
2025-11-24 10:16:59,0.161,0.021,1.00,drowsy_microsleep
2025-11-24 13:48:37,0.109,0.256,1.00,drowsy_microsleep
2025-11-24 14:04:01,0.073,0.116,0.99,drowsy_microsleep
2025-11-24 14:04:33,0.184,0.131,0.99,drowsy_microsleep
2025-11-24 14:04:36,0.110,0.318,0.99,drowsy_microsleep
2025-11-24 14:06:31,0.230,0.108,0.86,drowsy_microsleep
2025-11-24 14:06:45,0.204,0.017,0.96,drowsy_microsleep
2025-11-24 14:21:46,0.212,0.000,0.89,drowsy_microsleep
2025-11-24 14:22:16,0.215,0.000,0.85,drowsy_microsleep
2025-11-24 14:27:01,0.186,0.000,0.99,drowsy_microsleep
2025-11-24 14:27:06,0.224,0.000,0.96,drowsy_microsleep
2025-11-24 15:35:23,0.204,0.024,0.96,drowsy_microsleep
2025-11-24 15:50:18,0.246,0.016,0.82,drowsy_microsleep
2025-11-24 15:50:54,0.231,0.018,0.86,drowsy_microsleep
2025-11-24 15:51:05,0.222,0.056,0.94,drowsy_microsleep
2025-11-24 15:51:25,0.208,0.018,0.97,drowsy_microsleep
2025-11-24 15:51:40,0.195,0.017,0.98,drowsy_microsleep
2025-11-24 15:51:47,0.197,0.024,0.98,drowsy_microsleep
2025-11-24 15:52:00,0.203,0.040,0.95,drowsy_microsleep
2025-11-24 16:18:56,0.214,0.190,0.94,drowsy_microsleep
2025-11-24 16:19:28,0.194,0.017,0.99,drowsy_microsleep
2025-11-24 16:19:41,0.085,0.000,0.97,drowsy_microsleep
2025-11-24 16:32:00,0.222,0.148,0.86,drowsy_microsleep
2025-11-24 16:49:45,0.166,0.024,0.99,drowsy_microsleep
2025-11-24 16:50:53,0.202,0.000,0.96,drowsy_microsleep
2025-11-24 16:51:04,0.193,0.000,0.99,drowsy_microsleep
2025-11-24 16:51:18,0.213,0.029,0.86,drowsy_microsleep
2025-11-24 16:51:44,0.187,0.044,0.99,drowsy_microsleep
2025-11-24 16:51:55,0.194,0.022,0.96,drowsy_microsleep
2025-11-24 16:52:37,0.226,0.021,0.91,drowsy_microsleep
2025-11-24 16:53:15,0.181,0.022,0.98,drowsy_microsleep
2025-11-24 16:53:24,0.213,0.021,0.96,drowsy_microsleep
2025-11-24 16:53:30,0.222,0.000,0.84,drowsy_microsleep
2025-11-24 16:53:38,0.190,0.021,0.96,drowsy_microsleep
2025-11-24 16:53:55,0.234,0.000,0.85,drowsy_microsleep
2025-11-24 16:54:04,0.240,0.021,0.84,drowsy_microsleep
2025-11-24 17:04:54,0.197,0.000,0.89,drowsy_microsleep
2025-11-24 17:05:00,0.225,0.036,0.82,drowsy_microsleep
2025-11-24 17:05:21,0.216,0.074,0.93,drowsy_microsleep
2025-11-24 17:05:46,0.234,0.000,0.85,drowsy_microsleep
2025-11-24 17:06:05,0.213,0.022,0.90,drowsy_microsleep
2025-11-24 17:06:49,0.225,0.018,0.86,drowsy_microsleep
2025-11-24 17:07:39,0.217,0.022,0.98,drowsy_microsleep
2025-11-24 17:07:44,0.209,0.017,0.93,drowsy_microsleep
2025-11-24 17:10:58,0.196,0.126,0.99,drowsy_microsleep
2025-11-24 17:11:39,0.232,0.117,0.93,drowsy_microsleep
2025-11-24 19:40:41,0.212,0.016,0.90,drowsy_microsleep
2025-11-24 19:45:35,0.215,0.000,0.96,drowsy_microsleep
2025-11-24 19:45:43,0.164,0.000,1.00,drowsy_microsleep
2025-11-24 21:08:18,0.192,0.171,0.93,drowsy_microsleep
2025-11-24 21:16:44,0.231,0.023,0.90,drowsy_microsleep
2025-11-24 21:17:36,0.189,0.020,1.00,drowsy_microsleep
2025-11-24 21:17:50,0.215,0.042,0.92,drowsy_microsleep
2025-11-24 21:21:05,0.207,0.102,0.99,drowsy_microsleep
2025-11-24 21:21:43,0.217,0.055,0.80,drowsy_microsleep
2025-11-24 21:21:54,0.186,0.053,0.98,drowsy_microsleep
2025-11-24 21:22:31,0.213,0.070,0.94,drowsy_microsleep
2025-11-25 07:07:47,0.241,0.000,0.92,drowsy_microsleep
2025-11-25 08:30:25,0.224,0.000,0.80,drowsy_microsleep
2025-11-25 08:30:46,0.209,0.000,0.94,drowsy_microsleep
2025-11-25 08:31:02,0.222,0.016,0.86,drowsy_microsleep
2025-11-25 08:33:01,0.238,0.019,0.81,drowsy_microsleep
2025-11-25 12:46:19,0.062,0.000,0.90,drowsy_microsleep
2025-11-26 13:45:23,0.123,0.026,1.00,drowsy_microsleep
